idx,observed
0,AAAA
1,AAAC
2,AAAT
3,AAAG
4,AACA
5,AACC
6,AACT
7,AACG
8,AATA
9,AATC
10,AATT
11,AATG
12,AAGA
13,AAGC
14,AAGT
15,AAGG
16,ACAA
17,ACAC
18,ACAT
19,ACAG
20,ACCA
21,ACCC
22,ACCT
23,ACCG
24,ACTA
25,ACTC
26,ACTT
27,ACTG
28,ACGA
29,ACGC
30,ACGT
31,ACGG
32,ATAA
33,ATAC
34,ATAT
35,ATAG
36,ATCA
37,ATCC
38,ATCT
39,ATCG
40,ATTA
41,ATTC
42,ATTT
43,ATTG
44,ATGA
45,ATGC
46,ATGT
47,ATGG
48,AGAA
49,AGAC
50,AGAT
51,AGAG
52,AGCA
53,AGCC
54,AGCT
55,AGCG
56,AGTA
57,AGTC
58,AGTT
59,AGTG
60,AGGA
61,AGGC
62,AGGT
63,AGGG
64,CAAA
65,CAAC
66,CAAT
67,CAAG
68,CACA
69,CACC
70,CACT
71,CACG
72,CATA
73,CATC
74,CATT
75,CATG
76,CAGA
77,CAGC
78,CAGT
79,CAGG
80,CCAA
81,CCAC
82,CCAT
83,CCAG
84,CCCA
85,CCCC
86,CCCT
87,CCCG
88,CCTA
89,CCTC
90,CCTT
91,CCTG
92,CCGA
93,CCGC
94,CCGT
95,CCGG
96,CTAA
97,CTAC
98,CTAT
99,CTAG
100,CTCA
101,CTCC
102,CTCT
103,CTCG
104,CTTA
105,CTTC
106,CTTT
107,CTTG
108,CTGA
109,CTGC
110,CTGT
111,CTGG
112,CGAA
113,CGAC
114,CGAT
115,CGAG
116,CGCA
117,CGCC
118,CGCT
119,CGCG
120,CGTA
121,CGTC
122,CGTT
123,CGTG
124,CGGA
125,CGGC
126,CGGT
127,CGGG
128,TAAA
129,TAAC
130,TAAT
131,TAAG
132,TACA
133,TACC
134,TACT
135,TACG
136,TATA
137,TATC
138,TATT
139,TATG
140,TAGA
141,TAGC
142,TAGT
143,TAGG
144,TCAA
145,TCAC
146,TCAT
147,TCAG
148,TCCA
149,TCCC
150,TCCT
151,TCCG
152,TCTA
153,TCTC
154,TCTT
155,TCTG
156,TCGA
157,TCGC
158,TCGT
159,TCGG
160,TTAA
161,TTAC
162,TTAT
163,TTAG
164,TTCA
165,TTCC
166,TTCT
167,TTCG
168,TTTA
169,TTTC
170,TTTT
171,TTTG
172,TTGA
173,TTGC
174,TTGT
175,TTGG
176,TGAA
177,TGAC
178,TGAT
179,TGAG
180,TGCA
181,TGCC
182,TGCT
183,TGCG
184,TGTA
185,TGTC
186,TGTT
187,TGTG
188,TGGA
189,TGGC
190,TGGT
191,TGGG
192,GAAA
193,GAAC
194,GAAT
195,GAAG
196,GACA
197,GACC
198,GACT
199,GACG
200,GATA
201,GATC
202,GATT
203,GATG
204,GAGA
205,GAGC
206,GAGT
207,GAGG
208,GCAA
209,GCAC
210,GCAT
211,GCAG
212,GCCA
213,GCCC
214,GCCT
215,GCCG
216,GCTA
217,GCTC
218,GCTT
219,GCTG
220,GCGA
221,GCGC
222,GCGT
223,GCGG
224,GTAA
225,GTAC
226,GTAT
227,GTAG
228,GTCA
229,GTCC
230,GTCT
231,GTCG
232,GTTA
233,GTTC
234,GTTT
235,GTTG
236,GTGA
237,GTGC
238,GTGT
239,GTGG
240,GGAA
241,GGAC
242,GGAT
243,GGAG
244,GGCA
245,GGCC
246,GGCT
247,GGCG
248,GGTA
249,GGTC
250,GGTT
251,GGTG
252,GGGA
253,GGGC
254,GGGT
255,GGGG
